{"BPM":131,"延遲時間":0,"下落速度":4,"音量":80,"拍":[33,37,40.99999999999999,45,49,53,61,17.03488333332042,21.034666666666666,25.034233333326874,29.000000000000004,57.00000000000001,129,128,113,111.99999999999999,66,68,69,70,71,72,73,74,75,76,77.00000000000001,78,79,80,81,82.00000000000001,83,84,85,86,87.00000000000001,88,89,90,91,92.00000000000001,93,94,95,96,96.99999999999999,67,65,130,131,132,133,134,135,136,137,138,139,140,141,142,143,144,145,146,147,148,149,150,151,152,153.00000000000003,154,155,156,157,158.00000000000003,159,160,161,162,163.00000000000003,164,165,166,167,168.00000000000003,169,170,171,172,173.00000000000003,174,175,176,177,178.00000000000003,179,180,181,182,183.00000000000003,184,185,186,187,188.00000000000003,189,190,191,192,192.99999999999997,194,195,196,197,197.99999999999997,199,200,201,202,202.99999999999997,204,205,206,207,207.99999999999997,209,210,211,212,214,216,217.99999999999997,220,222,224,226,212.99999999999997,215,217,219,221,222.99999999999997,225,227,227.99999999999997,229,231,232.99999999999997,235,237,239,241,243,245,247,230,232,234,236,237.99999999999997,240,242,244,246,248,249,250,251,252,253,254,255,256,257,288,287,286,285.5,284.5,284,283,282.5,281,280,279,278,277.5,276.5,276,275,274.5,273,272,271,270,269.5,268.5,268,267,266.5,265,264.5,263,262,261.5,260,259,258.5,289,289.25,289.5,289.75,290,290.25,290.5,290.75,291,291.25,291.5,291.75,292,292.25,292.5,292.75,293,293.25,293.5,293.75,294,294.25,294.5,294.75,295,295.25,295.5,295.75,296,296.25,296.5,296.75,297,297.25,297.5,297.75,298,298.25,298.5,298.75,299,299.25,299.49999999999994,299.75,300.00000000000006,300.25,300.5,300.75,301,301.25,301.5,301.75,302,302.25000000000006,302.5,302.75,303,303.25,303.5,303.75,304,304.25,304.49999999999994,304.75,305.00000000000006,305.00000000000006,306,307,308,309,310.00000000000006,311,312,313,314,315.00000000000006,316,317,318,319,320.00000000000006,321,322,323,324,325.00000000000006,326,327,328,329,330.00000000000006,331,332,333,334,335.00000000000006,336,337,338,339,340.00000000000006,341,342,343,344,345.00000000000006,346,347,348,349,350.00000000000006,351,352,353,354,355.00000000000006,356,357,358,359,360.00000000000006,361,362,363,364,365.00000000000006,366,367,368,369,370.00000000000006,371,372,373,374,375.00000000000006,376,377,378,379,380.00000000000006,381,382,383,384,384.99999999999994,386,387,388,389,389.99999999999994,391,392,393,394,394.99999999999994,396,397,398,399,399.99999999999994,401,402,403,404,404.99999999999994,406,407,408,409,409.99999999999994,411,412,413,414,414.99999999999994,416,417],"類型":[[3,4],[3,4],[3,4.000000000000007],[3,4],[3,4],[3,4.000000000000007],[3,4],1,1,1,1,[3,3.999999999999993],1,1,1,1,2,2,2,2,2,2,2,2,2,2,2,2,2,2,2,2,2,2,2,2,2,2,2,2,2,2,2,2,2,2,2,2,2,2,2,2,2,2,2,2,2,2,2,2,2,2,2,2,2,2,2,2,2,2,2,2,2,2,2,2,2,2,2,2,2,2,2,2,2,2,2,2,2,2,2,2,2,2,2,2,2,2,2,2,2,2,2,2,2,2,2,2,2,2,2,2,2,2,2,2,2,2,2,2,2,2,2,2,2,2,2,2,2,2,2,2,2,2,2,2,2,2,2,2,2,2,2,2,2,2,2,2,2,2,2,2,2,2,2,2,2,2,2,2,2,2,2,2,2,2,2,2,2,2,2,2,2,2,2,2,[3,32],2,2,2,2,2,2,2,2,2,2,2,2,2,2,2,2,2,2,2,2,2,2,2,2,2,2,2,2,2,2,2,2,2,2,2,2,2,2,2,2,2,2,2,2,2,2,2,2,2,2,2,2,2,2,2,2,2,2,2,2,2,2,2,2,2,2,2,2,2,2,2,2,2,2,2,2,2,2,2,2,2,2,2,2,2,2,2,2,2,2,2,2,2,2,2,2,2,2,2,2,2,2,2,2,2,2,2,2,2,2,2,2,2,2,2,2,2,2,2,2,2,2,2,2,2,2,2,2,2,2,2,2,2,2,2,2,2,2,2,2,2,2,2,2,2,2,2,2,2,2,2,2,2,2,2,2,2,2,2,2,2,2,2,2,2,2,2,2,2,2,2,2,2,2,2,2,2,2,2,2,2,2,2,2,2,2,2,2,2,2,2,2,2,2,2,2,2,2,2,2,2,2,2,2,2,2,2,2,2,2,2,1],"樂器":[2,2,2,2,2,2,2,2,2,2,2,2,6,6,6,6,3,3,3,3,3,3,3,3,3,3,3,3,3,3,3,3,3,3,3,3,3,3,3,3,3,3,3,3,3,3,3,3,3,7,7,7,7,7,7,7,7,7,7,7,7,7,7,7,7,7,7,7,7,7,7,7,7,7,7,7,7,7,7,7,7,7,7,7,7,7,7,7,7,7,7,7,7,7,7,7,7,7,7,7,7,7,7,7,7,7,7,7,7,7,7,7,7,7,7,7,7,7,7,7,7,7,7,7,7,7,7,7,7,7,7,7,7,7,7,7,7,7,7,7,7,7,7,7,7,7,7,7,7,7,7,7,7,7,7,7,7,7,7,7,7,7,7,7,7,7,7,7,7,7,7,7,7,7,7,7,2,6,6,6,6,6,6,6,6,6,6,6,6,6,6,6,6,6,6,6,6,6,6,6,6,6,6,6,6,6,6,6,6,6,6,2,15,15,15,15,15,15,15,15,15,15,15,15,15,15,15,15,15,15,15,15,15,15,15,15,15,15,15,15,15,15,15,15,15,15,15,15,15,15,15,15,15,15,15,15,15,15,15,15,15,15,15,15,15,15,15,15,15,15,15,15,15,15,15,15,6,6,6,6,6,6,6,6,6,6,6,6,6,6,6,6,6,6,6,6,6,6,6,6,6,6,6,6,6,6,6,6,6,6,6,6,6,6,6,6,6,6,6,6,6,6,6,6,6,6,6,6,6,6,6,6,6,6,6,6,6,6,6,6,6,6,6,6,6,6,6,6,6,6,6,6,6,6,6,6,6,6,6,6,6,6,6,6,6,6,6,6,6,6,6,6,6,6,6,6,6,6,6,6,6,6,6,6,6,6,6,6,4]}